KO name (*.ko),KO path,Vendor/Ramdisk in Normal(vendor/ramdisk),Need loaded before BootTime.completed(Y/N),Recovery(Y/N),Build mode
mkp.ko,/drivers/misc/mediatek/mkp/mkp.ko,ramdisk,Y,Y,user/userdebug/eng
bootprof.ko,/drivers/misc/mediatek/mtprof/bootprof.ko,ramdisk,Y,Y,user/userdebug/eng
dbgtop-drm.ko,/drivers/misc/mediatek/sda/dbgtop-drm.ko,ramdisk,Y,Y,user/userdebug/eng
device_info.ko,/drivers/soc/oplus/device_info/device_info.ko,ramdisk,Y,Y,user/userdebug/eng
irq-dbg.ko,/drivers/misc/mediatek/sda/irq-dbg.ko,ramdisk,Y,Y,user/userdebug/eng
mrdump.ko,/drivers/misc/mediatek/aee/mrdump/mrdump.ko,ramdisk,Y,Y,user/userdebug/eng
mtk_sync.ko,/drivers/gpu/drm/mediatek/mediatek_v2/mtk_sync.ko,ramdisk,Y,Y,user/userdebug/eng
mtk_disp_notify.ko,/drivers/gpu/drm/mediatek/mediatek_v2/mtk_disp_notify.ko,ramdisk,Y,Y,user/userdebug/eng
mtk_disp_sec.ko,/drivers/gpu/drm/mediatek/mediatek_v2/mtk_disp_sec.ko,vendor,Y,N,user/userdebug/eng
aee_aed.ko,/drivers/misc/mediatek/aee/aed/aee_aed.ko,ramdisk,Y,Y,user/userdebug/eng
monitor_hang.ko,/drivers/misc/mediatek/monitor_hang/monitor_hang.ko,ramdisk,Y,Y,user/userdebug/eng
aee_hangdet.ko,/drivers/misc/mediatek/aee/hangdet/aee_hangdet.ko,ramdisk,Y,Y,user/userdebug/eng
irq_monitor.ko,/drivers/misc/mediatek/mtprof/irq_monitor.ko,vendor,Y,N,userdebug/eng
mtk_printk_ctrl.ko,/drivers/misc/mediatek/mtprintk/mtk_printk_ctrl.ko,ramdisk,Y,Y,user/userdebug/eng
log_store.ko,/drivers/misc/mediatek/log_store/log_store.ko,ramdisk,Y,Y,user/userdebug/eng
nvmem_mtk-devinfo.ko,/drivers/nvmem/nvmem_mtk-devinfo.ko,ramdisk,Y,Y,user/userdebug/eng
mtk_wdt.ko,/drivers/watchdog/mtk_wdt.ko,ramdisk,Y,Y,user/userdebug/eng
sec-rng.ko,/drivers/char/hw_random/sec-rng.ko,ramdisk,Y,Y,user/userdebug/eng
pinctrl-mtk-v2.ko,/drivers/pinctrl/mediatek/pinctrl-mtk-v2.ko,ramdisk,Y,Y,user/userdebug/eng
pinctrl-mt6895.ko,/drivers/pinctrl/mediatek/pinctrl-mt6895.ko,ramdisk,Y,Y,user/userdebug/eng
pinctrl-mtk-common-v2_debug.ko,/drivers/pinctrl/mediatek/pinctrl-mtk-common-v2_debug.ko,ramdisk,Y,Y,user/userdebug/eng
clk-common.ko,/drivers/clk/mediatek/clk-common.ko,ramdisk,Y,Y,user/userdebug/eng
clk-mt6895.ko,/drivers/clk/mediatek/clk-mt6895.ko,ramdisk,Y,Y,user/userdebug/eng
clk-mt6895-adsp.ko,/drivers/clk/mediatek/clk-mt6895-adsp.ko,ramdisk,Y,Y,user/userdebug/eng
clk-mt6895-cam.ko,/drivers/clk/mediatek/clk-mt6895-cam.ko,ramdisk,Y,Y,user/userdebug/eng
clk-mt6895-img.ko,/drivers/clk/mediatek/clk-mt6895-img.ko,ramdisk,Y,Y,user/userdebug/eng
clk-mt6895-mmsys.ko,/drivers/clk/mediatek/clk-mt6895-mmsys.ko,ramdisk,Y,Y,user/userdebug/eng
clk-mt6895-peri.ko,/drivers/clk/mediatek/clk-mt6895-peri.ko,ramdisk,Y,Y,user/userdebug/eng
clk-mt6895-bus.ko,/drivers/clk/mediatek/clk-mt6895-bus.ko,ramdisk,Y,Y,user/userdebug/eng
clk-mt6895-mdpsys.ko,/drivers/clk/mediatek/clk-mt6895-mdpsys.ko,ramdisk,Y,Y,user/userdebug/eng
clk-mt6895-vcodec.ko,/drivers/clk/mediatek/clk-mt6895-vcodec.ko,ramdisk,Y,Y,user/userdebug/eng
clk-mt6895-ccu.ko,/drivers/clk/mediatek/clk-mt6895-ccu.ko,ramdisk,Y,Y,user/userdebug/eng
mt6895_dcm.ko,/drivers/misc/mediatek/dcm/mt6895_dcm.ko,ramdisk,Y,Y,user/userdebug/eng
mtk_dcm.ko,/drivers/misc/mediatek/dcm/mtk_dcm.ko,ramdisk,Y,Y,user/userdebug/eng
mtk-pmic-wrap.ko,/drivers/soc/mediatek/mtk-pmic-wrap.ko,ramdisk,Y,Y,user/userdebug/eng
mtk-spmi-pmic.ko,/drivers/mfd/mtk-spmi-pmic.ko,ramdisk,Y,Y,user/userdebug/eng
spmi-mtk-pmif.ko,/drivers/spmi/spmi-mtk-pmif.ko,ramdisk,Y,Y,user/userdebug/eng
spmi-mtk-mpu.ko,/drivers/spmi/spmi-mtk-mpu.ko,vendor,Y,Y,user/userdebug/eng
mt6315-regulator.ko,/drivers/regulator/mt6315-regulator.ko,ramdisk,Y,Y,user/userdebug/eng
mt6363-regulator.ko,/drivers/regulator/mt6363-regulator.ko,ramdisk,Y,Y,user/userdebug/eng
mtk-vmm-spm.ko,/drivers/misc/mediatek/vmm_spm/mtk-vmm-spm.ko,ramdisk,Y,Y,user/userdebug/eng
mtk-scpsys.ko,/drivers/soc/mediatek/mtk-scpsys.ko,ramdisk,Y,Y,user/userdebug/eng
mtk-scpsys-mt6895.ko,/drivers/soc/mediatek/mtk-scpsys-mt6895.ko,ramdisk,Y,Y,user/userdebug/eng
mtk-scpsys-bringup.ko,/drivers/soc/mediatek/mtk-scpsys-bringup.ko,ramdisk,Y,Y,user/userdebug/eng
clk-bringup.ko,/drivers/clk/mediatek/clk-bringup.ko,ramdisk,Y,Y,user/userdebug/eng
pd-chk-mt6895.ko,/drivers/clk/mediatek/pd-chk-mt6895.ko,ramdisk,Y,Y,user/userdebug/eng
clk-fmeter-mt6895.ko,/drivers/clk/mediatek/clk-fmeter-mt6895.ko,ramdisk,Y,Y,user/userdebug/eng
mtk_dramc.ko,/drivers/memory/mediatek/mtk_dramc.ko,ramdisk,Y,Y,user/userdebug/eng
mtk-dvfsrc.ko,/drivers/soc/mediatek/mtk-dvfsrc.ko,ramdisk,Y,Y,user/userdebug/eng
mtk-dvfsrc-regulator.ko,/drivers/regulator/mtk-dvfsrc-regulator.ko,ramdisk,Y,Y,user/userdebug/eng
mtk-emi.ko,/drivers/interconnect/mediatek/mtk-emi.ko,ramdisk,Y,Y,user/userdebug/eng
mtk-smi.ko,/drivers/memory/mtk-smi.ko,ramdisk,Y,Y,user/userdebug/eng
mtk-smi-dbg.ko,/drivers/misc/mediatek/smi/mtk-smi-dbg.ko,ramdisk,Y,Y,user/userdebug/eng
mtk-icc-core.ko,/drivers/misc/mediatek/mtk-interconnect/mtk-icc-core.ko,ramdisk,Y,Y,user/userdebug/eng
mtk-mmdvfs.ko,/drivers/soc/mediatek/mtk-mmdvfs.ko,ramdisk,Y,Y,user/userdebug/eng
mtk-mmdvfs-debug.ko,/drivers/misc/mediatek/mmdvfs/mtk-mmdvfs-debug.ko,ramdisk,Y,Y,user/userdebug/eng
mmqos-common.ko,/drivers/interconnect/mediatek/mmqos-common.ko,ramdisk,Y,Y,user/userdebug/eng
mmqos-mt6895.ko,/drivers/interconnect/mediatek/mmqos-mt6895.ko,ramdisk,Y,Y,user/userdebug/eng
mmqos_wrapper.ko,/drivers/misc/mediatek/mmqos/mmqos_wrapper.ko,ramdisk,Y,Y,userdebug/eng
iommu_secure.ko,/drivers/misc/mediatek/iommu/iommu_secure.ko,ramdisk,Y,Y,user/userdebug/eng
iommu_debug.ko,/drivers/misc/mediatek/iommu/iommu_debug.ko,ramdisk,Y,Y,user/userdebug/eng
mtk_iommu.ko,/drivers/iommu/mtk_iommu.ko,ramdisk,Y,Y,user/userdebug/eng
iommu_test.ko,/drivers/misc/mediatek/iommu/iommu_test.ko,ramdisk,Y,Y,user/userdebug/eng
mtk_mm_heap.ko,/drivers/dma-buf/heaps/mtk_mm_heap.ko,ramdisk,Y,Y,user/userdebug/eng
system_heap.ko,/drivers/dma-buf/heaps/system_heap.ko,ramdisk,Y,Y,user/userdebug/eng
oplus_boost_pool_mtk.ko,/drivers/dma-buf/heaps/mm_boost_pool/oplus_boost_pool_mtk.ko,ramdisk,Y,Y,user/userdebug/eng
oplus_mm_kevent.ko,/drivers/soc/oplus/system/oplus_mm_fb/oplus_mm_kevent.ko,ramdisk,Y,N,user/userdebug/eng
oplus_mm_kevent_fb.ko,/drivers/soc/oplus/system/oplus_mm_fb/oplus_mm_kevent_fb.ko,ramdisk,Y,N,user/userdebug/eng
mtk-cmdq-drv-ext.ko,/drivers/misc/mediatek/cmdq/mailbox/mtk-cmdq-drv-ext.ko,ramdisk,Y,Y,user/userdebug/eng
cmdq-platform-mt6895.ko,/drivers/misc/mediatek/cmdq/mailbox/cmdq-platform-mt6895.ko,ramdisk,Y,Y,user/userdebug/eng
rt4831a_drv.ko,/drivers/misc/mediatek/gate_ic/rt4831a_drv.ko,ramdisk,Y,Y,user/userdebug/eng
mtk-mml-mt6895.ko,/drivers/gpu/drm/mediatek/mml/mtk-mml-mt6895.ko,ramdisk,Y,Y,user/userdebug/eng
mtk-mml.ko,/drivers/gpu/drm/mediatek/mml/mtk-mml.ko,ramdisk,Y,Y,user/userdebug/eng
mdp_drv_mt6895.ko,/drivers/misc/mediatek/mdp/mdp_drv_mt6895.ko,ramdisk,Y,Y,user/userdebug/eng
cmdq_helper_inf.ko,/drivers/misc/mediatek/mdp/cmdq_helper_inf.ko,ramdisk,Y,Y,user/userdebug/eng
mtk_panel_ext.ko,/drivers/gpu/drm/mediatek/mediatek_v2/mtk_panel_ext.ko,ramdisk,Y,Y,user/userdebug/eng
panel-alpha-jdi-nt36672e-vdo-60hz.ko,/drivers/gpu/drm/panel/panel-alpha-jdi-nt36672e-vdo-60hz.ko,ramdisk,Y,Y,user/userdebug/eng
panel-alpha-jdi-nt36672e-vdo-120hz.ko,/drivers/gpu/drm/panel/panel-alpha-jdi-nt36672e-vdo-120hz.ko,ramdisk,Y,Y,user/userdebug/eng
panel-alpha-jdi-nt36672e-vdo-120hz-hfp.ko,/drivers/gpu/drm/panel/panel-alpha-jdi-nt36672e-vdo-120hz-hfp.ko,ramdisk,Y,Y,user/userdebug/eng
panel-truly-td4330-cmd.ko,/drivers/gpu/drm/panel/panel-truly-td4330-cmd.ko,ramdisk,Y,Y,user/userdebug/eng
panel-tianma-nt36672e-vdo-120hz-hfp.ko,/drivers/gpu/drm/panel/panel-tianma-nt36672e-vdo-120hz-hfp.ko,ramdisk,Y,Y,user/userdebug/eng
panel-truly-ft8756-vdo.ko,/drivers/gpu/drm/panel/panel-truly-ft8756-vdo.ko,ramdisk,Y,Y,user/userdebug/eng
panel-tianma-r66451-cmd-120hz.ko,/drivers/gpu/drm/panel/panel-tianma-r66451-cmd-120hz.ko,ramdisk,Y,Y,user/userdebug/eng
panel-alpha-jdi-nt36672e-cphy-vdo.ko,/drivers/gpu/drm/panel/panel-alpha-jdi-nt36672e-cphy-vdo.ko,ramdisk,Y,Y,user/userdebug/eng
mediatek-drm.ko,/drivers/gpu/drm/mediatek/mediatek_v2/mediatek-drm.ko,ramdisk,Y,Y,user/userdebug/eng
aee_rs.ko,/drivers/misc/mediatek/aee/aed/aee_rs.ko,ramdisk,Y,Y,user/userdebug/eng
mmprofile.ko,/drivers/misc/mediatek/mmp/src/mmprofile.ko,ramdisk,Y,Y,user/userdebug/eng
mtk-uart-apdma.ko,/drivers/dma/mediatek/mtk-uart-apdma.ko,ramdisk,Y,Y,user/userdebug/eng
#ifdef OPLUS_BUG_STABILITY
#move ocdt ko to the front position for other dependent modules
oplusboot.ko,/drivers/soc/oplus/system/cmdline_parser/oplusboot.ko,ramdisk,Y,Y,user/userdebug/eng
buildvariant.ko,/drivers/soc/oplus/system/cmdline_parser/buildvariant.ko,ramdisk,Y,Y,user/userdebug/eng
oplus_project.ko,/drivers/soc/oplus/system/oplus_project/gki_mtk/oplus_project.ko,ramdisk,Y,Y,user/userdebug/eng
mtk_boot_common.ko,/drivers/misc/mediatek/boot_common/mtk_boot_common.ko,ramdisk,Y,Y,user/userdebug/eng
mtk_force_shutdown.ko,/drivers/soc/oplus/system/mtk_shutdown_reboot/mtk_force_shutdown/mtk_force_shutdown.ko,ramdisk,Y,N,user/userdebug/eng
oplus_bootargs.ko,/drivers/soc/oplus/system/cmdline_parser/oplus_bootargs.ko,ramdisk,Y,Y,user/userdebug/eng
#endif /* OPLUS_BUG_STABILITY */
8250_mtk.ko,/drivers/tty/serial/8250/8250_mtk.ko,ramdisk,Y,Y,user/userdebug/eng
phy-mtk-xsphy.ko,/drivers/phy/mediatek/phy-mtk-xsphy.ko,ramdisk,Y,Y,user/userdebug/eng
usb_boost.ko,/drivers/misc/mediatek/usb_boost/usb_boost.ko,ramdisk,Y,Y,user/userdebug/eng
mtu3.ko,/drivers/usb/mtu3/mtu3.ko,ramdisk,Y,Y,user/userdebug/eng
xhci-mtk-hcd.ko,/drivers/usb/host/xhci-mtk-hcd.ko,ramdisk,Y,Y,user/userdebug/eng
mux_switch.ko,/drivers/misc/mediatek/typec/mux/mux_switch.ko,ramdisk,Y,Y,user/userdebug/eng
ps5170.ko,/drivers/misc/mediatek/typec/mux/ps5170.ko,ramdisk,Y,Y,user/userdebug/eng
usb_dp_selector.ko,/drivers/misc/mediatek/typec/mux/usb_dp_selector.ko,ramdisk,Y,Y,user/userdebug/eng
mt6368-regulator.ko,/drivers/regulator/mt6368-regulator.ko,ramdisk,Y,Y,user/userdebug/eng
lcm_sm5109_i2c.ko,/drivers/gpu/drm/panel/lcm_sm5109_i2c.ko,ramdisk,Y,Y,user/userdebug/eng
oplus21641_boe_nt37701_fhd_dsi_cmd.ko,/drivers/gpu/drm/panel/oplus21641_boe_nt37701_fhd_dsi_cmd.ko,ramdisk,Y,Y,user/userdebug/eng
oplus21641_tianma_ili7838a_fhd_dsi_cmd.ko,/drivers/gpu/drm/panel/oplus21641_tianma_ili7838a_fhd_dsi_cmd.ko,ramdisk,Y,Y,user/userdebug/eng
oplus21641_boe_nt37701a_fhd_dsi_cmd.ko,/drivers/gpu/drm/panel/oplus21641_boe_nt37701a_fhd_dsi_cmd.ko,ramdisk,Y,Y,user/userdebug/eng
oplus21861_tianma_ili7838a_fhd_dsi_cmd.ko,/drivers/gpu/drm/panel/oplus21861_tianma_ili7838a_fhd_dsi_cmd.ko,ramdisk,Y,Y,user/userdebug/eng
oplus21861_boe_nt37701a_fhd_dsi_cmd.ko,/drivers/gpu/drm/panel/oplus21861_boe_nt37701a_fhd_dsi_cmd.ko,ramdisk,Y,Y,user/userdebug/eng
oplus21143_ili7807s_dsi_vdo.ko,/drivers/gpu/drm/panel/oplus21143_ili7807s_dsi_vdo.ko,ramdisk,Y,Y,user/userdebug/eng
oplus21121_boe_nt37701a_fhd_dsi_cmd.ko,/drivers/gpu/drm/panel/oplus21121_boe_nt37701a_fhd_dsi_cmd.ko,ramdisk,Y,Y,user/userdebug/eng
oplus21121_boe_rm692e5_fhd_dsi_cmd.ko,/drivers/gpu/drm/panel/oplus21121_boe_rm692e5_fhd_dsi_cmd.ko,ramdisk,Y,Y,user/userdebug/eng
oplus21143_tianma_nt36672c_dsi_vdo.ko,/drivers/gpu/drm/panel/oplus21143_tianma_nt36672c_dsi_vdo.ko,ramdisk,Y,Y,user/userdebug/eng
mtk-spmi-pmic-adc.ko,/drivers/iio/adc/mtk-spmi-pmic-adc.ko,ramdisk,Y,Y,user/userdebug/eng
regmap-spmi.ko,/drivers/base/regmap/regmap-spmi.ko,ramdisk,Y,Y,user/userdebug/eng
mtk-spmi-pmic-debug.ko,/drivers/mfd/mtk-spmi-pmic-debug.ko,ramdisk,Y,Y,userdebug/eng
mtk-pmic-oc-debug.ko,/drivers/misc/mediatek/pmic_protect/mtk-pmic-oc-debug.ko ,vendor,Y,N,userdebug/eng
cqhci.ko,/drivers/mmc/host/cqhci.ko,ramdisk,Y,Y,user/userdebug/eng
mtk-mmc-autok.ko,/drivers/mmc/host/mtk-mmc-autok.ko,ramdisk,Y,Y,user/userdebug/eng
mtk-mmc-dbg.ko,/drivers/mmc/host/mtk-mmc-dbg.ko,ramdisk,Y,Y,user/userdebug/eng
mtk-mmc.ko,/drivers/mmc/host/mtk-mmc.ko,ramdisk,Y,Y,user/userdebug/eng
phy-mtk-ufs.ko,/drivers/phy/mediatek/phy-mtk-ufs.ko,ramdisk,Y,Y,user/userdebug/eng
rpmb.ko,/drivers/char/rpmb/rpmb.ko,vendor,Y,Y,user/userdebug/eng
rpmb-mtk.ko,/drivers/char/rpmb/rpmb-mtk.ko,ramdisk,Y,Y,user/userdebug/eng
ufs-mediatek-mod.ko,/drivers/scsi/ufs/vendor/ufs-mediatek-mod.ko,ramdisk,Y,Y,user/userdebug/eng
ufs-mediatek-dbg.ko,/drivers/scsi/ufs/ufs-mediatek-dbg.ko,ramdisk,Y,Y,user/userdebug/eng
mtk-dvfsrc-helper.ko,/drivers/misc/mediatek/dvfsrc/mtk-dvfsrc-helper.ko,ramdisk,Y,N,user/userdebug/eng
mtk-dvfsrc-devfreq.ko,/drivers/devfreq/mtk-dvfsrc-devfreq.ko,ramdisk,Y,N,user/userdebug/eng
clk-chk-mt6895.ko,/drivers/clk/mediatek/clk-chk-mt6895.ko,ramdisk,Y,Y,user/userdebug/eng
clk-dbg-mt6895.ko,/drivers/clk/mediatek/clk-dbg-mt6895.ko,vendor,Y,Y,user/userdebug/eng
blocktag.ko,/drivers/misc/mediatek/blocktag/blocktag.ko,ramdisk,Y,Y,user/userdebug/eng
pidmap.ko,/drivers/misc/mediatek/pidmap/pidmap.ko,ramdisk,Y,Y,user/userdebug/eng
mtk-pmic-keys.ko,/drivers/input/keyboard/mtk-pmic-keys.ko,ramdisk,Y,Y,user/userdebug/eng
mtk-kpd.ko,/drivers/input/keyboard/mtk-kpd.ko,ramdisk,Y,Y,user/userdebug/eng
# remove MTK vibrator
#regulator-vibrator.ko,/drivers/leds/regulator-vibrator.ko,ramdisk,Y,Y,user/userdebug/eng
i2c-mt65xx.ko,/drivers/i2c/busses/i2c-mt65xx.ko,ramdisk,Y,Y,user/userdebug/eng
rtc-mt6685.ko,/drivers/rtc/rtc-mt6685.ko,ramdisk,Y,Y,user/userdebug/eng
spi-mt65xx.ko,/drivers/spi/spi-mt65xx.ko,ramdisk,Y,Y,user/userdebug/eng
mt6375.ko,/drivers/mfd/mt6375.ko,ramdisk,Y,Y,user/userdebug/eng
extdev_io_class.ko,/drivers/misc/mediatek/subpmic/extdev_io_class.ko,ramdisk,Y,Y,user/userdebug/eng
mt6375-dbg.ko,/drivers/misc/mediatek/subpmic/mt6375-dbg.ko,ramdisk,Y,Y,userdebug/eng
rt5133-regulator.ko,/drivers/regulator/rt5133-regulator.ko,ramdisk,Y,Y,user/userdebug/eng
rt6160-regulator.ko,/drivers/regulator/rt6160-regulator.ko,ramdisk,Y,Y,user/userdebug/eng
fan53870-regulator.ko,/drivers/regulator/fan53870-regulator.ko,ramdisk,Y,Y,user/userdebug/eng
mt6685-core.ko,/drivers/mfd/mt6685-core.ko,ramdisk,Y,Y,user/userdebug/eng
mt6685-audclk.ko,/drivers/mfd/mt6685-audclk.ko,ramdisk,Y,Y,user/userdebug/eng
clkbuf.ko,/drivers/misc/mediatek/clkbuf/clkbuf.ko,ramdisk,Y,Y,user/userdebug/eng
device-apc-mt6895.ko,/drivers/soc/mediatek/devapc/device-apc-mt6895.ko,ramdisk,Y,Y,user/userdebug/eng
teeperf.ko,/drivers/tee/teeperf/teeperf.ko,ramdisk,Y,Y,user/userdebug/eng
mcDrvModule.ko,/drivers/tee/gud/$(TRUSTONIC_TEE_VERSION)/MobiCoreDriver/mcDrvModule.ko,ramdisk,Y,Y,user/userdebug/eng
#ifdef OPLUS_FEATURE_SECURITY_COMMON
#Shengwang.Luo@BSP.Security.Basic, 2021/10/29, remove isee ko
#isee.ko,/drivers/tee/teei/400/isee.ko,ramdisk,Y,Y,user/userdebug/eng
#endif /* OPLUS_FEATURE_SECURITY_COMMON */
industrialio-triggered-buffer.ko,/drivers/iio/buffer/industrialio-triggered-buffer.ko,ramdisk,Y,Y,user/userdebug/eng
kfifo_buf.ko,/drivers/iio/buffer/kfifo_buf.ko,ramdisk,Y,Y,user/userdebug/eng
mt6375-adc.ko,/drivers/iio/adc/mt6375-adc.ko,ramdisk,Y,Y,user/userdebug/eng
mt6375-auxadc.ko,/drivers/iio/adc/mt6375-auxadc.ko,ramdisk,Y,Y,user/userdebug/eng
adapter_class.ko,/drivers/power/supply/adapter_class.ko,ramdisk,Y,Y,user/userdebug/eng
charger_class.ko,/drivers/power/supply/charger_class.ko,ramdisk,Y,Y,user/userdebug/eng
mtk_charger_algorithm_class.ko,/drivers/power/supply/mtk_charger_algorithm_class.ko,ramdisk,Y,Y,user/userdebug/eng
mt6375-charger.ko,/drivers/power/supply/mt6375-charger.ko,ramdisk,Y,Y,user/userdebug/eng
pd_dbg_info.ko,/drivers/misc/mediatek/typec/tcpc/pd_dbg_info.ko,ramdisk,Y,Y,user/userdebug/eng
tcpc_class.ko,/drivers/misc/mediatek/typec/tcpc/tcpc_class.ko,ramdisk,Y,Y,user/userdebug/eng
tcpc_mt6375.ko,/drivers/misc/mediatek/typec/tcpc/tcpc_mt6375.ko,ramdisk,Y,Y,user/userdebug/eng
mtk_chg_type_det.ko,/drivers/power/supply/mtk_chg_type_det.ko,ramdisk,Y,Y,user/userdebug/eng
#ifdef OPLUS_FEATURE_CHG_BASIC
#Boyu.Wen@BSP.CHG.Basic 2022/02/28 add for delete the pd.ko
#mtk_pd_adapter.ko,/drivers/power/supply/mtk_pd_adapter.ko,ramdisk,Y,Y,user/userdebug/eng
#endif
ccci_util_lib.ko,/drivers/misc/mediatek/ccci_util/ccci_util_lib.ko,vendor,Y,N,user/userdebug/eng
ccci_auxadc.ko,/drivers/misc/mediatek/eccci/ccci_auxadc.ko,vendor,Y,N,user/userdebug/eng
ccci_md_clk.ko,/drivers/misc/mediatek/eccci/ccci_md_clk.ko,vendor,Y,N,user/userdebug/eng
ccci_rtc.ko,/drivers/misc/mediatek/eccci/ccci_rtc.ko,vendor,Y,N,user/userdebug/eng
ccci_md_all.ko,/drivers/misc/mediatek/eccci/ccci_md_all.ko,vendor,Y,N,user/userdebug/eng
ccci_fsm_scp.ko,/drivers/misc/mediatek/eccci/ccci_fsm_scp.ko,vendor,Y,N,user/userdebug/eng
ccci_ccif.ko,/drivers/misc/mediatek/eccci/ccci_ccif.ko,vendor,Y,N,user/userdebug/eng
ccci_dpmaif.ko,/drivers/misc/mediatek/eccci/ccci_dpmaif.ko,vendor,Y,N,user/userdebug/eng
ccmni.ko,/drivers/misc/mediatek/ccmni/ccmni.ko,vendor,Y,N,user/userdebug/eng
mtk_u_ether.ko,/drivers/misc/mediatek/usb_rndis/mtk_u_ether.ko,vendor,Y,N,user/userdebug/eng
mtk_usb_f_rndis.ko,/drivers/misc/mediatek/usb_rndis/mtk_usb_f_rndis.ko,vendor,Y,N,user/userdebug/eng
c2k_usb.ko,/drivers/misc/mediatek/c2k_usb/c2k_usb.ko,vendor,Y,N,user/userdebug/eng
c2k_usb_f_via_atc.ko,/drivers/misc/mediatek/c2k_usb/c2k_usb_f_via_atc.ko,vendor,Y,N,user/userdebug/eng
c2k_usb_f_via_ets.ko,/drivers/misc/mediatek/c2k_usb/c2k_usb_f_via_ets.ko,vendor,Y,N,user/userdebug/eng
c2k_usb_f_via_gps.ko,/drivers/misc/mediatek/c2k_usb/c2k_usb_f_via_gps.ko,vendor,Y,N,user/userdebug/eng
c2k_usb_f_via_modem.ko,/drivers/misc/mediatek/c2k_usb/c2k_usb_f_via_modem.ko,vendor,Y,N,user/userdebug/eng
c2k_usb_f_via_pcv.ko,/drivers/misc/mediatek/c2k_usb/c2k_usb_f_via_pcv.ko,vendor,Y,N,user/userdebug/eng
asix.ko,/drivers/net/usb/asix.ko,vendor,Y,N,user/userdebug/eng
ax88179_178a.ko,/drivers/net/usb/ax88179_178a.ko,vendor,Y,N,user/userdebug/eng
rps_perf.ko,/drivers/misc/mediatek/rps/rps_perf.ko,vendor,Y,N,user/userdebug/eng
mtk_pep40.ko,/drivers/power/supply/mtk_pep40.ko,ramdisk,Y,Y,user/userdebug/eng
mtk_pd_charging.ko,/drivers/power/supply/mtk_pd_charging.ko,ramdisk,Y,Y,user/userdebug/eng
mtk_pep20.ko,/drivers/power/supply/mtk_pep20.ko,ramdisk,Y,Y,user/userdebug/eng
mtk_pep.ko,/drivers/power/supply/mtk_pep.ko,ramdisk,Y,Y,user/userdebug/eng
mt6375-battery.ko,/drivers/power/supply/mt6375-battery.ko,ramdisk,Y,Y,user/userdebug/eng
pwm-mtk-disp.ko,/drivers/pwm/pwm-mtk-disp.ko,ramdisk,Y,Y,user/userdebug/eng
oplus_temp.ko,/drivers/thermal/mediatek/oplus_temp.ko,vendor,Y,Y,user/userdebug/eng
leds-mtk.ko,/drivers/leds/leds-mtk.ko,ramdisk,Y,Y,user/userdebug/eng
leds-mtk-disp.ko,/drivers/leds/leds-mtk-disp.ko,ramdisk,Y,Y,user/userdebug/eng
leds-mtk-pwm.ko,/drivers/leds/leds-mtk-pwm.ko,ramdisk,Y,Y,user/userdebug/eng
extcon-mtk-usb.ko,/drivers/misc/mediatek/extcon/extcon-mtk-usb.ko,ramdisk,Y,Y,user/userdebug/eng
tcpci_late_sync.ko,/drivers/misc/mediatek/typec/tcpc/tcpci_late_sync.ko,ramdisk,Y,Y,user/userdebug/eng
mtk_battery_oc_throttling.ko,/drivers/misc/mediatek/power_throttling/mtk_battery_oc_throttling.ko ,vendor,Y,Y,user/userdebug/eng
mtk_low_battery_throttling.ko,/drivers/misc/mediatek/power_throttling/mtk_low_battery_throttling.ko ,vendor,Y,Y,user/userdebug/eng
pmic_lbat_service.ko,/drivers/misc/mediatek/power_throttling/pmic_lbat_service.ko ,ramdisk,Y,Y,user/userdebug/eng
mtk_dynamic_loading_throttling.ko,/drivers/misc/mediatek/power_throttling/mtk_dynamic_loading_throttling.ko ,vendor,Y,Y,user/userdebug/eng
mtk_bp_thl.ko,/drivers/misc/mediatek/power_throttling/mtk_bp_thl.ko,vendor,Y,N,user/userdebug/eng
mtk_md_power_throttling.ko,/drivers/misc/mediatek/power_throttling/mtk_md_power_throttling.ko,vendor,Y,N,user/userdebug/eng
mtk_cpu_power_throttling.ko,/drivers/misc/mediatek/power_throttling/mtk_cpu_power_throttling.ko,vendor,Y,N,user/userdebug/eng
mtk_pbm.ko,/drivers/misc/mediatek/pbm/mtk_pbm.ko,vendor,Y,Y,user/userdebug/eng
mtk_mdpm.ko,/drivers/misc/mediatek/mdpm/mtk_mdpm.ko,vendor,Y,Y,user/userdebug/eng
reboot-mode.ko,/drivers/power/reset/reboot-mode.ko,vendor,Y,Y,user/userdebug/eng
syscon-reboot-mode.ko,/drivers/power/reset/syscon-reboot-mode.ko,vendor,Y,Y,user/userdebug/eng
zsmalloc.ko,/mm/zsmalloc.ko,vendor,Y,Y,user/userdebug/eng
zram.ko,/drivers/block/zram/zram.ko,vendor,N,Y,user/userdebug/eng
gpueb.ko,/drivers/gpu/mediatek/gpueb/gpueb.ko,vendor,Y,N,user/userdebug/eng
mtk_gpu_hal.ko,/drivers/gpu/mediatek/hal/mtk_gpu_hal.ko,vendor,Y,N,user/userdebug/eng
mtk_gpufreq_wrapper.ko,/drivers/gpu/mediatek/gpufreq/v2/mtk_gpufreq_wrapper.ko,vendor,Y,N,user/userdebug/eng
mtk_gpufreq_mt6895.ko,/drivers/gpu/mediatek/gpufreq/v2/mtk_gpufreq_mt6895.ko,vendor,Y,N,user/userdebug/eng
ged.ko,/drivers/gpu/mediatek/ged/ged.ko,vendor,Y,N,user/userdebug/eng
mali_prot_alloc.ko,/../vendor/mediatek/kernel_modules/gpu/gpu_mali/mali_valhall/mali-r32p1/drivers/base/arm/protected_memory_allocator/mali_prot_alloc.ko,vendor,Y,N,user/userdebug/eng
mali_mgm.ko,/../vendor/mediatek/kernel_modules/gpu/gpu_mali/mali_valhall/mali-r32p1/drivers/base/arm/memory_group_manager/mali_mgm.ko,vendor,Y,N,user/userdebug/eng
mali_kbase_mt6895.ko,/../vendor/mediatek/kernel_modules/gpu/gpu_mali/mali_valhall/mali-r32p1/drivers/gpu/arm/midgard/mali_kbase_mt6895.ko,vendor,Y,N,user/userdebug/eng
reset-ti-syscon.ko,/drivers/reset/reset-ti-syscon.ko,ramdisk,Y,Y,user/userdebug/eng
soc_temp_lvts.ko,/drivers/thermal/mediatek/soc_temp_lvts.ko,vendor,Y,N,user/userdebug/eng
pmic_temp.ko,/drivers/thermal/mediatek/pmic_temp.ko,vendor,Y,N,user/userdebug/eng
thermal-generic-adc.ko,/drivers/thermal/thermal-generic-adc.ko,vendor,Y,N,user/userdebug/eng
thermal_trace.ko,/drivers/thermal/mediatek/thermal_trace.ko,vendor,Y,N,user/userdebug/eng
board_temp.ko,/drivers/thermal/mediatek/board_temp.ko,vendor,Y,N,user/userdebug/eng
md_cooling_all.ko,/drivers/thermal/mediatek/md_cooling_all.ko,vendor,Y,N,user/userdebug/eng
charger_cooling.ko,/drivers/thermal/mediatek/charger_cooling.ko,vendor,Y,N,user/userdebug/eng
backlight_cooling.ko,/drivers/thermal/mediatek/backlight_cooling.ko,vendor,Y,N,user/userdebug/eng
thermal_interface.ko,/drivers/thermal/mediatek/thermal_interface.ko,vendor,Y,N,user/userdebug/eng
mtk_gpu_qos.ko,/drivers/gpu/mediatek/gpu_bm/mtk_gpu_qos.ko,vendor,Y,N,user/userdebug/eng
nvmem-mt635x-efuse.ko,/drivers/nvmem/nvmem-mt635x-efuse.ko,vendor,Y,N,user/userdebug/eng
mt6368-accdet.ko,/sound/soc/codecs/mt6368-accdet.ko,vendor,Y,N,user/userdebug/eng
snd-audio-extend.ko,/sound/soc/codecs/audio/driver/snd-audio-extend.ko,vendor,Y,N,user/userdebug/eng
snd-hal-feedback.ko,/sound/soc/codecs/audio/driver/snd-hal-feedback.ko,vendor,Y,N,user/userdebug/eng
fsa4480-i2c.ko,/sound/soc/codecs/audio/fsa44xx/fsa4480-i2c.ko,vendor,Y,N,user/userdebug/eng
adsp.ko,/drivers/misc/mediatek/adsp/adsp.ko,ramdisk,Y,N,user/userdebug/eng
adsp-v2.ko,/drivers/misc/mediatek/adsp/v2/adsp-v2.ko,vendor,Y,N,user/userdebug/eng
audio_ipi.ko,/drivers/misc/mediatek/audio_ipi/audio_ipi.ko,vendor,Y,N,user/userdebug/eng
snd-soc-tfa98xx.ko,/sound/soc/codecs/audio/tfa98xx/snd-soc-tfa98xx.ko,vendor,Y,N,user/userdebug/eng
mtk-sp-spk-amp.ko,/sound/soc/mediatek/common/mtk-sp-spk-amp.ko,vendor,Y,N,user/userdebug/eng
mtk-btcvsd.ko,/sound/soc/mediatek/common/mtk-btcvsd.ko,vendor,Y,N,user/userdebug/eng
mtk-afe-external.ko,/sound/soc/mediatek/common/mtk-afe-external.ko,vendor,Y,N,user/userdebug/eng
snd-soc-mtk-common.ko,/sound/soc/mediatek/common/snd-soc-mtk-common.ko,vendor,Y,N,user/userdebug/eng
snd-soc-mt6895-afe.ko,/sound/soc/mediatek/mt6895/snd-soc-mt6895-afe.ko,vendor,Y,N,user/userdebug/eng
snd-soc-mt6368.ko,/sound/soc/codecs/snd-soc-mt6368.ko,vendor,Y,N,user/userdebug/eng
snd-soc-audiodsp-common.ko,/sound/soc/mediatek/audio_dsp/snd-soc-audiodsp-common.ko,vendor,Y,N,user/userdebug/eng
mtk-soc-offload-common.ko,/sound/soc/mediatek/audio_dsp/mtk-soc-offload-common.ko,vendor,Y,N,user/userdebug/eng
mtk-scp-ultra.ko,/sound/soc/mediatek/ultrasound/ultra_common/mtk-scp-ultra.ko,vendor,Y,N,user/userdebug/eng
snd-soc-mtk-scp-ultra.ko,/sound/soc/mediatek/ultrasound/ultra_scp/snd-soc-mtk-scp-ultra.ko,vendor,Y,N,user/userdebug/eng
mt6895-mt6368.ko,/sound/soc/mediatek/mt6895/mt6895-mt6368.ko,vendor,Y,N,user/userdebug/eng
oplus_bsp_dump_tasks_mm.ko,/mm/oplus_perf_mm/dump_tasks_mem/oplus_bsp_dump_tasks_mm.ko,vendor,Y,N,user/userdebug/eng
oplus_bsp_fw_update.ko,/drivers/base/kernelFwUpdate/oplus_bsp_fw_update.ko,ramdisk,Y,Y,user/userdebug/eng
oplus_bsp_healthinfo.ko,/kernel/oplus_perf_sched/healthinfo/oplus_bsp_healthinfo.ko,vendor,Y,N,user/userdebug/eng
oplus_bsp_memleak_detect.ko,/mm/oplus_perf_mm/memleak_detect/oplus_bsp_memleak_detect.ko,vendor,Y,N,user/userdebug/eng
oplus_bsp_midas.ko,/drivers/soc/oplus/midas/v1_gki/oplus_bsp_midas.ko,vendor,Y,N,user/userdebug/eng
oplus_bsp_mm_osvelte.ko,/drivers/soc/oplus/system/mm_osvelte/oplus_bsp_mm_osvelte.ko,vendor,Y,N,user/userdebug/eng
oplus_bsp_sched_assist.ko,/kernel/oplus_perf_sched/sched_assist/oplus_bsp_sched_assist.ko,vendor,Y,N,user/userdebug/eng
oplus_bsp_frame_boost.ko,/kernel/oplus_perf_sched/frame_boost/oplus_bsp_frame_boost.ko,vendor,Y,N,user/userdebug/eng
oplus_bsp_sensor_devinfo.ko,/drivers/misc/mediatek/sensor/2.0/oplus_sensor_devinfo/oplus_bsp_sensor_devinfo.ko,vendor,Y,N,user/userdebug/eng
oplus_bsp_sensor_feedback.ko,/drivers/misc/mediatek/sensor/2.0/oplus_sensor_feedback/oplus_bsp_sensor_feedback.ko,vendor,Y,N,user/userdebug/eng
oplus_bsp_task_cpustats.ko,/kernel/oplus_perf_sched/task_cpustats/oplus_bsp_task_cpustats.ko,vendor,Y,N,user/userdebug/eng
oplus_bsp_task_sched.ko,/kernel/oplus_perf_sched/task_sched/oplus_bsp_task_sched.ko,vendor,Y,N,user/userdebug/eng
oplus_bsp_zram_opt.ko,/mm/oplus_perf_mm/zram_opt/oplus_bsp_zram_opt.ko,vendor,Y,N,user/userdebug/eng
oplus_bsp_hybridswap_zram.ko,/mm/oplus_perf_mm/hybridswap_zram/oplus_bsp_hybridswap_zram.ko,vendor,Y,N,user/userdebug/eng
oplus_fp_common.ko,/drivers/input/fp_drivers/oplus_fp_common/oplus_fp_common.ko,vendor,Y,N,user/userdebug/eng
cpu_jankinfo.ko,/kernel/oplus_perf_sched/cpu_jankinfo/cpu_jankinfo.ko,vendor,Y,N,user/userdebug/eng
jiiov_mtk.ko,/drivers/input/fp_drivers/anc_driver/jiiov_mtk.ko,vendor,Y,N,user/userdebug/eng
silead_fp.ko,/drivers/input/fp_drivers/silead/silead_fp.ko,vendor,Y,N,user/userdebug/eng
oplus_bsp_tp_custom.ko,/drivers/input/touchscreen/touch_custom/oplus_bsp_tp_custom.ko,ramdisk,Y,Y,user/userdebug/eng
oplus_bsp_tp_comon.ko,/drivers/input/touchscreen/oplus_touchscreen_v2/oplus_bsp_tp_comon.ko,ramdisk,Y,Y,user/userdebug/eng
oplus_bsp_tp_notify.ko,/drivers/input/touchscreen/oplus_touchscreen_v2/oplus_bsp_tp_notify.ko,ramdisk,Y,Y,user/userdebug/eng
oplus_bsp_tp_novatek_common.ko,/drivers/input/touchscreen/oplus_touchscreen_v2/Novatek/oplus_bsp_tp_novatek_common.ko,ramdisk,Y,Y,user/userdebug/eng
oplus_bsp_tp_nt36672c_noflash.ko,/drivers/input/touchscreen/oplus_touchscreen_v2/Novatek/NT36672C_noflash/oplus_bsp_tp_nt36672c_noflash.ko,ramdisk,Y,Y,user/userdebug/eng
oplus_bsp_tp_ilitek_common.ko,/drivers/input/touchscreen/oplus_touchscreen_v2/ilitek/oplus_bsp_tp_ilitek_common.ko,ramdisk,Y,Y,user/userdebug/eng
oplus_bsp_tp_ilitek7807s.ko,/drivers/input/touchscreen/oplus_touchscreen_v2/ilitek/ilitek7807s/oplus_bsp_tp_ilitek7807s.ko,ramdisk,Y,Y,user/userdebug/eng
oplus_bsp_tp_syna_comnon.ko,/drivers/input/touchscreen/oplus_touchscreen_v2/Synaptics/oplus_bsp_tp_syna_comnon.ko,ramdisk,Y,Y,user/userdebug/eng
oplus_bsp_tp_tcm_S3910.ko,/drivers/input/touchscreen/oplus_touchscreen_v2/Synaptics/Syna_tcm_S3910/oplus_bsp_tp_tcm_S3910.ko,ramdisk,Y,Y,user/userdebug/eng
horae_shell_temp.ko,/drivers/soc/oplus/thermal/horae_shell_temp.ko,vendor,Y,Y,user/userdebug/eng
oplus_chg_v2.ko,/drivers/power/oplus_v2/oplus_chg_v2.ko,ramdisk,Y,Y,user/userdebug/eng
rt_pd_manager.ko,/drivers/misc/mediatek/typec/tcpc/rt_pd_manager.ko,ramdisk,Y,Y,user/userdebug/eng
kernel_fb.ko,/drivers/soc/oplus/system/feedback/gki/kernel_fb.ko,ramdisk,Y,N,user/userdebug/eng
oplus_hans.ko,/drivers/soc/oplus/system/oplus_hans/oplus_hans.ko,vendor,Y,N,user/userdebug/eng
oplus_phoenix.ko,/drivers/soc/oplus/system/oplus_phoenix/oplus_phoenix.ko,ramdisk,Y,N,user/userdebug/eng
oplus_saupwk.ko,/drivers/soc/oplus/system/oplus_saupwk/gki/oplus_saupwk.ko,vendor,Y,N,user/userdebug/eng
oplus_score.ko,/net/oplus_score/oplus_score.ko,vendor,Y,Y,user/userdebug/eng
oplus_secure_common.ko,/drivers/input/oplus_secure_drivers/oplus_secure_common/oplus_secure_common.ko,vendor,Y,Y,user/userdebug/eng
oplus_secure_harden.ko,/arch/arm64/kernel/secureguard/rootguard/oplus_secure_harden.ko,ramdisk,Y,Y,user/userdebug/eng
oplus_security_guard.ko,/arch/arm64/kernel/secureguard/rootguard/oplus_security_guard.ko,ramdisk,Y,Y,user/userdebug/eng
oplus_security_keventupload.ko,/arch/arm64/kernel/secureguard/rootguard/oplus_security_keventupload.ko,ramdisk,Y,Y,user/userdebug/eng
oplus_theia.ko,/drivers/soc/oplus/system/theia/oplus_theia.ko,ramdisk,Y,N,user/userdebug/eng
mddp.ko,/drivers/misc/mediatek/mddp/mddp.ko,vendor,Y,N,user/userdebug/eng
mtk_slbc.ko,/drivers/misc/mediatek/slbc/mtk_slbc.ko,ramdisk,Y,N,user/userdebug/eng
slbc_mt6895.ko,/drivers/misc/mediatek/slbc/slbc_mt6895.ko,ramdisk,Y,N,user/userdebug/eng
slbc_ipi.ko,/drivers/misc/mediatek/slbc/slbc_ipi.ko,ramdisk,Y,N,user/userdebug/eng
mtk_cm_ipi.ko,/drivers/misc/mediatek/cm_mgr/mtk_cm_ipi.ko,vendor,Y,N,user/userdebug/eng
mtk_cm_mgr.ko,/drivers/misc/mediatek/cm_mgr/mtk_cm_mgr.ko,vendor,Y,N,user/userdebug/eng
mtk_cm_mgr_mt6895.ko,/drivers/misc/mediatek/cm_mgr/mtk_cm_mgr_mt6895.ko,vendor,Y,N,user/userdebug/eng
atf_logger.ko,/drivers/misc/mediatek/atf/atf_logger.ko,vendor,Y,N,user/userdebug/eng
apu_top.ko,/drivers/misc/mediatek/apusys/power/apu_top.ko,vendor,Y,N,user/userdebug/eng
apusys.ko,/drivers/misc/mediatek/apusys/apusys.ko,vendor,Y,N,user/userdebug/eng
vcp_status.ko,/drivers/misc/mediatek/vcp/rv/vcp_status.ko,ramdisk,Y,N,user/userdebug/eng
vcp.ko,/drivers/misc/mediatek/vcp/rv/vcp.ko,vendor,Y,N,user/userdebug/eng
mtk_jpeg.ko,/drivers/media/platform/mtk-jpeg/mtk_jpeg.ko,vendor,Y,N,user/userdebug/eng
mtk-vcodec-common.ko,/drivers/media/platform/mtk-vcodec/mtk-vcodec-common.ko,vendor,Y,N,user/userdebug/eng
mtk-vcodec-dec-v2.ko,/drivers/media/platform/mtk-vcodec/mtk-vcodec-dec-v2.ko,vendor,Y,N,user/userdebug/eng
mtk-vcodec-enc-v2.ko,/drivers/media/platform/mtk-vcodec/mtk-vcodec-enc-v2.ko,vendor,Y,N,user/userdebug/eng
gz_trusty_mod.ko,/drivers/misc/mediatek/geniezone/gz-trusty/gz_trusty_mod.ko,vendor,Y,N,user/userdebug/eng
gz_log_mod.ko,/drivers/misc/mediatek/geniezone/gz-trusty/gz_log_mod.ko,vendor,Y,N,user/userdebug/eng
gz_main_mod.ko,/drivers/misc/mediatek/geniezone/gz_main_mod.ko,vendor,Y,N,user/userdebug/eng
gz_irq_mod.ko,/drivers/misc/mediatek/geniezone/gz-trusty/gz_irq_mod.ko,vendor,Y,N,user/userdebug/eng
gz_virtio_mod.ko,/drivers/misc/mediatek/geniezone/gz-trusty/gz_virtio_mod.ko,vendor,Y,N,user/userdebug/eng
gz_ipc_mod.ko,/drivers/misc/mediatek/geniezone/gz-trusty/gz_ipc_mod.ko,vendor,Y,N,user/userdebug/eng
gz_tz_system.ko,/drivers/misc/mediatek/geniezone/gz_tz_system.ko,vendor,Y,N,user/userdebug/eng
iommu_gz.ko,/drivers/misc/mediatek/iommu/iommu_gz.ko,vendor,Y,N,user/userdebug/eng
trusted_mem.ko,/drivers/misc/mediatek/trusted_mem/trusted_mem.ko,vendor,Y,N,user/userdebug/eng
mtk_sec_heap.ko,/drivers/dma-buf/heaps/mtk_sec_heap.ko,vendor,Y,N,user/userdebug/eng
mtk_heap_debug.ko,/drivers/dma-buf/heaps/mtk_heap_debug.ko,vendor,Y,N,user/userdebug/eng
mtk-cqdma.ko,/drivers/dma/mediatek/mtk-cqdma.ko,vendor,Y,Y,user/userdebug/eng
tinysys-scmi.ko,/drivers/misc/mediatek/tinysys_scmi/tinysys-scmi.ko,ramdisk,Y,Y,user/userdebug/eng
mcupm.ko,/drivers/misc/mediatek/mcupm/v2/mcupm.ko,vendor,Y,N,user/userdebug/eng
mtk_ccu.ko,/drivers/remoteproc/mtk_ccu.ko,vendor,Y,N,user/userdebug/eng
mtk-vmm-regulator.ko,/drivers/regulator/mtk-vmm-regulator.ko,vendor,Y,N,user/userdebug/eng
mtk-vow.ko,/drivers/misc/mediatek/vow/ver02/mtk-vow.ko,vendor,Y,N,user/userdebug/eng
mtk-scp-vow.ko,/sound/soc/mediatek/vow/mtk-scp-vow.ko,vendor,Y,N,user/userdebug/eng
cmdq-sec-drv.ko,/drivers/misc/mediatek/cmdq/mailbox/cmdq-sec-drv.ko,vendor,Y,N,user/userdebug/eng
cmdq-test.ko,/drivers/misc/mediatek/cmdq/mailbox/cmdq-test.ko,vendor,Y,N,user/userdebug/eng
btif_drv.ko,/drivers/misc/mediatek/btif/common/btif_drv.ko,vendor,Y,N,user/userdebug/eng
connadp.ko,/drivers/misc/mediatek/connectivity/connadp.ko,vendor,Y,N,user/userdebug/eng
connscp.ko,/drivers/misc/mediatek/conn_scp/connscp.ko,vendor,Y,N,user/userdebug/eng
mtk_hcp.ko,/drivers/media/platform/mtk-isp/mtk-hcp/mtk_hcp.ko,vendor,Y,N,user/userdebug/eng
mtk-ipesys-me.ko,/drivers/media/platform/mtk-isp/mtk-ipesys-me/mtk-ipesys-me.ko,vendor,Y,N,user/userdebug/eng
mtk_imgsys_v4l2.ko,/drivers/media/platform/mtk-isp/imgsys/mtk_imgsys_v4l2.ko,vendor,Y,N,user/userdebug/eng
mtk_aie.ko,/drivers/media/platform/mtk-aie/mtk_aie.ko,vendor,Y,N,user/userdebug/eng
camera_dpe_isp70.ko,/drivers/misc/mediatek/cameraisp/dpe/camera_dpe_isp70.ko,vendor,Y,N,user/userdebug/eng
camera_af_media.ko,/drivers/misc/mediatek/lens/vcm/v4l2/media/camera_af_media.ko,vendor,Y,N,user/userdebug/eng
ak7314af.ko,/drivers/misc/mediatek/lens/vcm/v4l2/ak7314af/ak7314af.ko,vendor,Y,N,user/userdebug/eng
dw9718af.ko,/drivers/misc/mediatek/lens/vcm/v4l2/dw9718af/dw9718af.ko,vendor,Y,N,user/userdebug/eng
lc898229.ko,/drivers/misc/mediatek/lens/vcm/v4l2/lc898229/lc898229.ko,vendor,Y,N,user/userdebug/eng
gt9764.ko,/drivers/misc/mediatek/lens/vcm/v4l2/gt9764/gt9764.ko,vendor,Y,N,user/userdebug/eng
gt9772a.ko,/drivers/misc/mediatek/lens/vcm/v4l2/gt9772a/gt9772a.ko,vendor,Y,N,user/userdebug/eng
gt9772b.ko,/drivers/misc/mediatek/lens/vcm/v4l2/gt9772b/gt9772b.ko,vendor,Y,N,user/userdebug/eng
dw9800w.ko,/drivers/misc/mediatek/lens/vcm/v4l2/dw9800w/dw9800w.ko,vendor,Y,N,user/userdebug/eng
ak7377a.ko,/drivers/misc/mediatek/lens/vcm/v4l2/ak7377a/ak7377a.ko,vendor,Y,N,user/userdebug/eng
ak7375c.ko,/drivers/misc/mediatek/lens/vcm/v4l2/ak7375c/ak7375c.ko,vendor,Y,N,user/userdebug/eng
bu64253gwz.ko,/drivers/misc/mediatek/lens/vcm/v4l2/bu64253gwz/bu64253gwz.ko,vendor,Y,N,user/userdebug/eng
lc898217.ko,/drivers/misc/mediatek/lens/vcm/v4l2/lc898217/lc898217.ko,vendor,Y,N,user/userdebug/eng
pda_drv_mt6895.ko,/drivers/misc/mediatek/cameraisp/pda/pda_drv_mt6895.ko,vendor,Y,N,user/userdebug/eng
mtk_rpmsg_mbox.ko,/drivers/rpmsg/mtk_rpmsg_mbox.ko ,vendor,Y,Y,user/userdebug/eng
mtk-mbox.ko,/drivers/soc/mediatek/mtk-mbox.ko ,vendor,Y,Y,user/userdebug/eng
mtk_tinysys_ipi.ko,/drivers/soc/mediatek/mtk_tinysys_ipi.ko ,vendor,Y,Y,user/userdebug/eng
fhctl.ko,/drivers/clk/mediatek/fhctl.ko,vendor,Y,N,user/userdebug/eng
scp.ko,/drivers/misc/mediatek/scp/rv/scp.ko,vendor,Y,N,user/userdebug/eng
mtk-composite.ko,/drivers/misc/mediatek/flashlight/mtk-composite.ko,vendor,Y,N,user/userdebug/eng
lm3644.ko,/drivers/misc/mediatek/flashlight/v4l2/lm3644.ko,vendor,Y,N,user/userdebug/eng
aw36515.ko,/drivers/misc/mediatek/flashlight/v4l2/aw36515.ko,vendor,Y,N,user/userdebug/eng
aw36515_21121.ko,/drivers/misc/mediatek/flashlight/v4l2/aw36515_21121.ko,vendor,Y,N,user/userdebug/eng
flashlight.ko,/drivers/misc/mediatek/flashlight/flashlight.ko,vendor,Y,N,user/userdebug/eng
locking_aee.ko,/drivers/misc/mediatek/locking/locking_aee.ko,vendor,Y,N,eng
connfem.ko,/../vendor/mediatek/kernel_modules/connectivity/connfem/connfem.ko,vendor,N,N,user/userdebug/eng
conninfra.ko,/../vendor/mediatek/kernel_modules/connectivity/conninfra/conninfra.ko,vendor,N,N,user/userdebug/eng
fmradio_drv_connac2x.ko,/../vendor/mediatek/kernel_modules/connectivity/fmradio/Build/connac2x/fmradio_drv_connac2x.ko,vendor,N,N,user/userdebug/eng
emi-mpu-v2.ko,/drivers/memory/mediatek/emi-mpu-v2.ko,ramdisk,Y,Y,user/userdebug/eng
emi-slb.ko,/drivers/memory/mediatek/emi-slb.ko,ramdisk,Y,Y,user/userdebug/eng
mtk-lpm.ko,/drivers/misc/mediatek/lpm/mtk-lpm.ko,vendor,Y,N,user/userdebug/eng
mtk-lpm-dbg-common-v1.ko,/drivers/misc/mediatek/lpm/modules/debug/v1/mtk-lpm-dbg-common-v1.ko,vendor,Y,N,user/userdebug/eng
mtk-lpm-plat-v1.ko,/drivers/misc/mediatek/lpm/modules/platform/v1/mtk-lpm-plat-v1.ko,vendor,Y,N,user/userdebug/eng
mtk-lpm-dbg-mt6895.ko,/drivers/misc/mediatek/lpm/modules/debug/mt6895/mtk-lpm-dbg-mt6895.ko,vendor,Y,N,user/userdebug/eng
mtk-ssc.ko,/drivers/misc/mediatek/ssc/mtk-ssc.ko,vendor,Y,N,user/userdebug/eng
mtk-ssc-dbg-v2.ko,/drivers/misc/mediatek/ssc/debug/v2/mtk-ssc-dbg-v2.ko,vendor,Y,N,user/userdebug/eng
mtk-vmm-dbg.ko,/drivers/misc/mediatek/vmm_dbg/mtk-vmm-dbg.ko,vendor,Y,N,user/userdebug/eng
mtk_qos.ko,/drivers/misc/mediatek/qos/mtk_qos.ko,vendor,Y,N,user/userdebug/eng
emi.ko,/drivers/memory/mediatek/emi.ko,ramdisk,Y,Y,user/userdebug/eng
emi-mpu.ko,/drivers/memory/mediatek/emi-mpu.ko,ramdisk,Y,Y,user/userdebug/eng
mediatek-cpufreq-hw.ko,/drivers/cpufreq/mediatek-cpufreq-hw.ko,ramdisk,Y,N,user/userdebug/eng
cpudvfs.ko,/drivers/misc/mediatek/cpufreq_lite/cpudvfs.ko,vendor,Y,N,user/userdebug/eng
cpufreq_bouncing.ko,/drivers/soc/oplus/thermal/cpufreq_bouncing/cpufreq_bouncing.ko,ramdisk,Y,N,user/userdebug/eng
cpuhvfs.ko,/drivers/misc/mediatek/cpufreq_v1/cpuhvfs.ko,vendor,Y,N,userdebug/eng
mtk-dvfsrc-start.ko,/drivers/soc/mediatek/mtk-dvfsrc-start.ko,vendor,Y,N,user/userdebug/eng
cfg80211.ko,/net/wireless/cfg80211.ko,ramdisk,Y,Y,user/userdebug/eng
mac80211.ko,/net/mac80211/mac80211.ko,ramdisk,Y,Y,user/userdebug/eng
mtk-mminfra-debug.ko,/drivers/misc/mediatek/mminfra/mtk-mminfra-debug.ko,ramdisk,Y,Y,user/userdebug/eng
sspm_v3.ko,/drivers/misc/mediatek/sspm/v3/sspm_v3.ko,vendor,Y,N,user/userdebug/eng
mtk-mbox-mailbox.ko,/drivers/mailbox/mtk-mbox-mailbox.ko,ramdisk,Y,Y,user/userdebug/eng
hf_manager.ko,/drivers/misc/mediatek/sensor/2.0/core/hf_manager.ko,vendor,Y,N,user/userdebug/eng
sensorhub.ko,/drivers/misc/mediatek/sensor/2.0/sensorhub/sensorhub.ko,vendor,Y,N,user/userdebug/eng
clk-disable-unused.ko,/drivers/clk/mediatek/clk-disable-unused.ko,vendor,Y,Y,user/userdebug/eng
mtk-pm-domain-disable-unused.ko,/drivers/soc/mediatek/mtk-pm-domain-disable-unused.ko,vendor,Y,Y,user/userdebug/eng
arm_dsu_pmu.ko,/drivers/perf/arm_dsu_pmu.ko,vendor,Y,N,user/userdebug/eng
mtk-swpm-perf-arm-pmu.ko,/drivers/misc/mediatek/swpm/mtk-swpm-perf-arm-pmu.ko,ramdisk,Y,N,user/userdebug/eng
mtk-swpm.ko,/drivers/misc/mediatek/swpm/mtk-swpm.ko,vendor,Y,N,user/userdebug/eng
mtk-swpm-dbg-common-v1.ko,/drivers/misc/mediatek/swpm/modules/debug/v1/mtk-swpm-dbg-common-v1.ko,vendor,Y,N,user/userdebug/eng
mtk-swpm-dbg-v6895.ko,/drivers/misc/mediatek/swpm/modules/debug/v6895/mtk-swpm-dbg-v6895.ko,vendor,Y,N,user/userdebug/eng
pmsr.ko,/drivers/misc/mediatek/pmsr/pmsr.ko,vendor,Y,N,user/userdebug/eng
cache-parity.ko,/drivers/misc/mediatek/sda/cache-parity.ko,ramdisk,Y,Y,user/userdebug/eng
jpeg-driver.ko,/drivers/misc/mediatek/jpeg/jpeg-driver.ko,vendor,Y,N,user/userdebug/eng
mtk_ccd_remoteproc.ko,/drivers/remoteproc/mtk_ccd_remoteproc.ko,vendor,Y,N,user/userdebug/eng
ccd_rpmsg.ko,/drivers/rpmsg/ccd_rpmsg.ko,vendor,Y,N,user/userdebug/eng
v4l2-fwnode.ko,/drivers/media/v4l2-core/v4l2-fwnode.ko,vendor,Y,N,user/userdebug/eng
imgsensor-glue.ko,/drivers/misc/mediatek/imgsensor/src-v4l2/imgsensor-glue/imgsensor-glue.ko,vendor,Y,N,user/userdebug/eng
imgsensor.ko,/drivers/misc/mediatek/imgsensor/src-v4l2/imgsensor.ko,vendor,Y,N,user/userdebug/eng
shell_temp.ko,/drivers/thermal/mediatek/shell_temp.ko,vendor,Y,N,user/userdebug/eng
cam_temp.ko,/drivers/thermal/mediatek/cam_temp.ko,vendor,Y,N,user/userdebug/eng
camera_eeprom.ko,/drivers/misc/mediatek/cam_cal/src/custom/camera_eeprom.ko,vendor,Y,N,user/userdebug/eng
mtk-cam-plat-util.ko,/drivers/media/platform/mtk-isp/camsys/isp7_1/cam/mtk-cam-plat-util.ko,vendor,Y,N,user/userdebug/eng
mtk-cam-plat-mt6895.ko,/drivers/media/platform/mtk-isp/camsys/isp7_1/cam/mtk-cam-plat-mt6895.ko,vendor,Y,N,user/userdebug/eng
mtk-cam-isp.ko,/drivers/media/platform/mtk-isp/camsys/isp7_1/cam/mtk-cam-isp.ko,vendor,Y,N,user/userdebug/eng
mtk_fpsgo.ko,/drivers/misc/mediatek/performance/fpsgo_v3/mtk_fpsgo.ko,vendor,Y,N,user/userdebug/eng
fpsgo.ko,/../vendor/mediatek/kernel_modules/fpsgo_cus/fpsgo.ko,vendor,Y,N,user/userdebug/eng
mtk_perf_ioctl.ko,/drivers/misc/mediatek/performance/mtk_perf_ioctl.ko,vendor,Y,N,user/userdebug/eng
frs.ko,/drivers/misc/mediatek/performance/frs/frs.ko,vendor,Y,N,user/userdebug/eng
cpufreq_sugov_ext.ko,/drivers/misc/mediatek/sched/cpufreq_sugov_ext.ko,vendor,Y,N,user/userdebug/eng
scheduler.ko,/drivers/misc/mediatek/sched/scheduler.ko,vendor,Y,N,user/userdebug/eng
oplus_nfc.ko,/drivers/nfc/oplus_nfc/oplus_nfc.ko,ramdisk,Y,N,user/userdebug/eng
pn553.ko,/drivers/nfc/pn553-i2c/pn553.ko,ramdisk,Y,N,user/userdebug/eng
p73.ko,/drivers/nfc/p73-spi/p73.ko,ramdisk,Y,N,user/userdebug/eng
#ifdef OPLUS_FEATURE_CHG_BASIC
aw8697.ko,/drivers/misc/aw8697_haptic/aw8697.ko,vendor,Y,Y,user/userdebug/eng
haptic.ko,/drivers/misc/aw8697_haptic/haptic.ko,vendor,Y,Y,user/userdebug/eng
#endif
sim_detect.ko,/drivers/misc/sim_detect.ko,ramdisk,Y,Y,user/userdebug/eng
cpuqos_v3.ko,/drivers/misc/mediatek/cache-auditor/cpuqos_v3/cpuqos_v3.ko,vendor,Y,N,user/userdebug/eng
mtk_perf_common.ko,/drivers/misc/mediatek/perf_common/mtk_perf_common.ko,vendor,Y,N,user/userdebug/eng
task_turbo.ko,/drivers/misc/mediatek/task_turbo/task_turbo.ko,vendor,Y,N,user/userdebug/eng
mtk_core_ctl.ko,/drivers/misc/mediatek/sched/mtk_core_ctl.ko,vendor,Y,N,user/userdebug/eng
vdec-fmt.ko,/drivers/misc/mediatek/vdec_fmt/vdec-fmt.ko,vendor,Y,N,user/userdebug/eng
mtk-pwm.ko,/drivers/misc/mediatek/pwm/mtk-pwm.ko,vendor,Y,N,user/userdebug/eng
mtk_irtx_pwm.ko,/drivers/misc/mediatek/irtx/mtk_irtx_pwm.ko,vendor,Y,N,user/userdebug/eng
met.ko,/../vendor/mediatek/kernel_modules/met_drv_v3/met.ko,vendor,N,N,user/userdebug/eng
met_plf.ko,/../vendor/mediatek/kernel_modules/met_drv_secure_v3/met_plf.ko,vendor,N,N,user/userdebug/eng
met_backlight_api.ko,/../vendor/mediatek/kernel_modules/met_drv_v3/met_api/met_backlight_api/met_backlight_api.ko,vendor,N,N,user/userdebug/eng
met_emi_api.ko,/../vendor/mediatek/kernel_modules/met_drv_v3/met_api/met_emi_api/met_emi_api.ko,vendor,N,N,user/userdebug/eng
met_gpu_adv_api.ko,/../vendor/mediatek/kernel_modules/met_drv_v3/met_api/met_gpu_adv_api/met_gpu_adv_api.ko,vendor,N,N,user/userdebug/eng
met_gpu_api.ko,/../vendor/mediatek/kernel_modules/met_drv_v3/met_api/met_gpu_api/met_gpu_api.ko,vendor,N,N,user/userdebug/eng
met_ipi_api.ko,/../vendor/mediatek/kernel_modules/met_drv_v3/met_api/met_ipi_api/met_ipi_api.ko,vendor,N,N,user/userdebug/eng
met_mcupm_api.ko,/../vendor/mediatek/kernel_modules/met_drv_v3/met_api/met_mcupm_api/met_mcupm_api.ko,vendor,N,N,user/userdebug/eng
met_scmi_api.ko,/../vendor/mediatek/kernel_modules/met_drv_v3/met_api/met_scmi_api/met_scmi_api.ko,vendor,N,N,user/userdebug/eng
met_sspm_api.ko,/../vendor/mediatek/kernel_modules/met_drv_v3/met_api/met_sspm_api/met_sspm_api.ko,vendor,N,N,user/userdebug/eng
met_vcore_api.ko,/../vendor/mediatek/kernel_modules/met_drv_v3/met_api/met_vcore_api/met_vcore_api.ko,vendor,N,N,user/userdebug/eng
gps_drv_dl_v050.ko,/../vendor/mediatek/kernel_modules/connectivity/gps/data_link/plat/v050/gps_drv_dl_v050.ko,vendor,N,N,user/userdebug/eng
gps_scp.ko,/../vendor/mediatek/kernel_modules/connectivity/gps/gps_scp/gps_scp.ko,vendor,N,N,user/userdebug/eng
gps_pwr.ko,/../vendor/mediatek/kernel_modules/connectivity/gps/gps_pwr/gps_pwr.ko,vendor,N,N,user/userdebug/eng
widevine_driver.ko,/drivers/misc/mediatek/widevine_drm/widevine_driver.ko,vendor,Y,N,user/userdebug/eng
uload_ind.ko,/drivers/misc/mediatek/performance/uload_ind/uload_ind.ko,vendor,Y,Y,user/userdebug/eng
load_track.ko,/drivers/misc/mediatek/performance/load_track/load_track.ko,vendor,Y,Y,user/userdebug/eng
trace_mmstat.ko,/drivers/misc/mediatek/mmstat/trace_mmstat.ko,vendor,Y,N,user/userdebug/eng
pmsr.ko,/drivers/misc/mediatek/pmsr/pmsr.ko,vendor,Y,N,user/userdebug/eng
spmtwam.ko,/drivers/misc/mediatek/pmsr/twam/spmtwam.ko,vendor,Y,N,user/userdebug/eng
#OPLUS_FEATURE_WIFI_CAPCENTER, XuFenghua@CONNECTIVITY.WIFI.BASIC.CAPCENTER.190453 2021/09/01
oplus_wificapcenter.ko,/net/oplus_wificapcenter/oplus_wificapcenter.ko,vendor,Y,Y,user/userdebug/eng
sec.ko,/drivers/misc/mediatek/masp/sec.ko,vendor,Y,Y,user/userdebug/eng
spmtwam.ko,/drivers/misc/mediatek/pmsr/twam/spmtwam.ko,vendor,Y,N,user/userdebug/eng
mtk-socinfo.ko,/drivers/soc/mediatek/mtk-socinfo.ko,ramdisk,Y,Y,user/userdebug/eng
bus_tracer_v1.ko,/drivers/misc/mediatek/sda/btm/v1/bus_tracer_v1.ko,ramdisk,Y,Y,userdebug/eng
bus_tracer_interface.ko,/drivers/misc/mediatek/sda/btm/bus_tracer_interface.ko,ramdisk,Y,Y,userdebug/eng
oplus_connectivity_sla.ko,/net/oplus_connectivity_sla/oplus_connectivity_sla.ko,vendor,Y,Y,user/userdebug/eng
oplus_omrg.ko,/drivers/soc/oplus/thermal/oplus_omrg/oplus_omrg.ko,ramdisk,Y,N,user/userdebug/eng
sg.ko,/drivers/scsi/sg.ko,vendor,Y,Y,user/userdebug/eng
shutdown_detect.ko,/drivers/soc/oplus/system/shutdown_detect/gki/shutdown_detect.ko,ramdisk,Y,N,user/userdebug/eng
hung_task_enhance.ko,/drivers/soc/oplus/system/hung_task_enhance/gki/hung_task_enhance.ko,vendor,Y,N,user/userdebug/eng
emi-mpu-hook-v1.ko,/drivers/memory/mediatek/emi-mpu-hook-v1.ko,vendor,Y,Y,user/userdebug/eng
uff_fp_driver.ko,/drivers/input/uff_fp_drivers/uff_fp_driver.ko,vendor,Y,N,user/userdebug/eng
oplus_dns_hook.ko,/net/oplus_modules/oplus_dns_hook/oplus_dns_hook.ko,vendor,Y,N,user/userdebug/eng
oplus_stats_calc.ko,/net/oplus_modules/oplus_stats_calc/oplus_stats_calc.ko,vendor,Y,N,user/userdebug/eng
